Category,Name,Value,Condition,Description
Principle,Breadth is not cost,,,"Touching many layers, files, or services is nearly free — a capable model traverses a system quickly. Never point a story up because it spans the stack."
Principle,Novelty is cost,,,"Work with no precedent to copy requires decisions, and decisions require a human."
Principle,Verification is cost,,,Work you cannot prove correct with a test costs real time no matter how fast it was written.
Base Points,Feature story,1 pt,,"The default for all feature work. A story with no flags changes existing machinery by following a pattern already in the codebase. That is most stories. There is no separate trivial tier."
Base Points,Recent bug fix (within last few weeks),0 pts,,Bugs discovered shortly after the feature was shipped. Older bugs beyond that window receive standard feature story points.
Test,Precedent test,,Name the file (or screen) in this codebase that already does this,"Used by the decision-density and design flags. Can name it → derivable, flag does not apply. Cannot name it → someone has to decide, flag applies. Cite the precedent in the story's Architecture Notes."
Flag,Decision density,2x,"No precedent, but the shape is bounded","A new table, a documented read-only third-party endpoint, a job modelled on an existing job. Never fires on breadth alone: a story crossing schema, service, controller and view scores nothing here if each layer has a precedent."
Flag,Decision density,4x,No precedent AND orchestrating an outcome in a system you do not control,"An external write with partial-failure semantics, or anything needing compensation, idempotency, or unwinding. Third-party work has no flag of its own — orchestrating a new dependency scores here; reading and rendering a documented endpoint usually scores nothing."
Flag,Design,2x,Creates a primary view AND you can name an existing screen whose layout it copies,"Work is real (what fields, what copy, what each row shows) but bounded. A new section, page, modal, or list-plus-form in an established design system. A whole new screen always scores at least 2x."
Flag,Design,4x,"Creates a primary view AND you cannot name a precedent, OR the interaction is novel","Multi-step wizard, drag-and-drop, live-updating surface, animation-led UI, an entirely new user journey. Also when the spec asks for design exploration or multiple layout options. Recommend splitting into a design story plus an implementation story at this tier only."
Flag,Design,none,No primary view is created,"Edge states only, wiring already-designed components to data, copy or toggle changes, adding a field or column, a read-only addition following the pattern beside it."
Rule,Primary vs edge states,,,"Count only primary states — what the feature exists to show and do. Never count edge states: empty, loading, submitting, validation errors, API errors, confirm dialogs, disabled states. An eight-state form is not four times a two-state one because six of those are edge."
Flag,Verification,2x,A passing test cannot prove this story works,"Correctness depending on production-shaped data, background jobs on a cron cadence, eventual consistency, migrations and backfills, and anywhere the test suite mocks the very thing under test."
Flag,Communication,2x,"Requires domain experts, client coordination, real-time alignment, or third-party provider coordination (Coinbase, Alchemy, etc.)","Ambiguous domain rules, stakeholder sign-off, cross-team handoffs, third-party support or approval. Waiting on a human is still waiting on a human."
Calculation,Formula,,,points = base × decisionDensity(1|2|4) × design(1|2|4) × verification(1|2) × communication(1|2)
Calculation,Typical values,"1, 2, 4, 8",,Anything reaching 16 should almost certainly be split. Bug fixes stay at 0.
Pointing Rule,Default to 1,,,"A story earns its way up by tripping a flag. If you cannot name which flag applies and why, it is a 1."
Pointing Rule,Never charge the same difficulty twice,,,"If story A builds a mechanism and story B consumes it, only A carries the flag. Name the owning story in B's notes."
Pointing Rule,Kind not amount,,,"A score prices the kind of hard, not the amount of surface. A 2-pt story can still be the riskiest thing in the build — add a Risk note rather than inflating the number."
Sizing,Split on kinds of hard,,,"Split when a story carries two different flags, or when the score reaches 8 unless the flags are inseparable. Never split by file count."
Sizing,Never split a layer from its only consumer,,,"A schema whose only reader is one API, and an API whose only consumer is one screen, are one story. Exceptions: a destructive migration you want verified first, a schema with multiple consumers landing at different times, or a backfill that must run before its reader exists."
